{"cameraMode":{"drawMode":0,"name":"Shaded","section":"Shading Mode"},"sceneLighting":false,"audioPlay":false,"sceneViewState":{"showFog":false,"showMaterialUpdate":false,"showSkybox":false,"showFlares":false,"showImageEffects":false,"showParticleSystems":false},"in2DMode":false,"pivot":{"x":0.013832667842507363,"y":-0.0009868890047073365,"z":-0.004868730902671814},"rotation":{"x":-0.08359656482934952,"y":0.8919224143028259,"z":-0.18486613035202027,"w":-0.4041171073913574},"size":0.4347458481788635,"orthographic":true}