{"cameraMode":{"drawMode":0,"name":"Shaded","section":"Shading Mode"},"sceneLighting":false,"audioPlay":false,"sceneViewState":{"showFog":false,"showMaterialUpdate":false,"showSkybox":false,"showFlares":false,"showImageEffects":false,"showParticleSystems":false},"in2DMode":false,"pivot":{"x":-0.005145447328686714,"y":0.011258095502853394,"z":0.0019988641142845155},"rotation":{"x":-0.08359656482934952,"y":0.8919224143028259,"z":-0.18486613035202027,"w":-0.4041171073913574},"size":0.40806642174720766,"orthographic":true}