{"cameraMode":{"drawMode":0,"name":"Shaded","section":"Shading Mode"},"sceneLighting":false,"audioPlay":false,"sceneViewState":{"showFog":false,"showMaterialUpdate":false,"showSkybox":false,"showFlares":false,"showImageEffects":false,"showParticleSystems":false},"in2DMode":false,"pivot":{"x":-0.0023207738995552065,"y":0.017446406185626985,"z":0.009794821962714196},"rotation":{"x":-0.08359656482934952,"y":0.8919224143028259,"z":-0.18486613035202027,"w":-0.4041171073913574},"size":0.39102527499198916,"orthographic":true}