{"cameraMode":{"drawMode":0,"name":"Shaded","section":"Shading Mode"},"sceneLighting":false,"audioPlay":false,"sceneViewState":{"showFog":false,"showMaterialUpdate":false,"showSkybox":false,"showFlares":false,"showImageEffects":false,"showParticleSystems":false},"in2DMode":false,"pivot":{"x":-0.02245807647705078,"y":0.003947265446186066,"z":0.006858311593532562},"rotation":{"x":-0.08359656482934952,"y":0.8919224143028259,"z":-0.18486613035202027,"w":-0.4041171073913574},"size":0.401744544506073,"orthographic":true}