{"cameraMode":{"drawMode":0,"name":"Shaded","section":"Shading Mode"},"sceneLighting":false,"audioPlay":false,"sceneViewState":{"showFog":false,"showMaterialUpdate":false,"showSkybox":false,"showFlares":false,"showImageEffects":false,"showParticleSystems":false},"in2DMode":false,"pivot":{"x":0.0,"y":-0.0000032782554626464845,"z":7.152557373046875e-7},"rotation":{"x":-0.25195205211639407,"y":0.49380040168762209,"z":-0.15224921703338624,"w":-0.8182307481765747},"size":24.23322868347168,"orthographic":true}