{"cameraMode":{"drawMode":0,"name":"Shaded","section":"Shading Mode"},"sceneLighting":false,"audioPlay":false,"sceneViewState":{"showFog":false,"showMaterialUpdate":false,"showSkybox":false,"showFlares":false,"showImageEffects":false,"showParticleSystems":false},"in2DMode":false,"pivot":{"x":0.2409360408782959,"y":1.122767686843872,"z":-6.350149154663086},"rotation":{"x":0.14959751069545747,"y":-0.14479070901870728,"z":0.02215176448225975,"w":0.9778372049331665},"size":8.764145851135254,"orthographic":false}