{"cameraMode":{"drawMode":0,"name":"Shaded","section":"Shading Mode"},"sceneLighting":false,"audioPlay":false,"sceneViewState":{"showFog":false,"showMaterialUpdate":false,"showSkybox":false,"showFlares":false,"showImageEffects":false,"showParticleSystems":false},"in2DMode":false,"pivot":{"x":-0.2199997901916504,"y":-54.47500228881836,"z":1.0600008964538575},"rotation":{"x":-0.25195205211639407,"y":0.49380040168762209,"z":-0.15224921703338624,"w":-0.8182307481765747},"size":14.6272611618042,"orthographic":true}