{"cameraMode":{"drawMode":0,"name":"Shaded","section":"Shading Mode"},"sceneLighting":false,"audioPlay":false,"sceneViewState":{"showFog":false,"showMaterialUpdate":false,"showSkybox":false,"showFlares":false,"showImageEffects":false,"showParticleSystems":false},"in2DMode":false,"pivot":{"x":0.000003814697265625,"y":65.15174865722656,"z":-0.00000762939453125},"rotation":{"x":0.3447028398513794,"y":-0.06464619189500809,"z":0.023976819589734079,"w":0.9361762404441834},"size":198.88771057128907,"orthographic":true}