{"cameraMode":{"drawMode":0,"name":"Shaded","section":"Shading Mode"},"sceneLighting":false,"audioPlay":false,"sceneViewState":{"showFog":false,"showMaterialUpdate":false,"showSkybox":false,"showFlares":false,"showImageEffects":false,"showParticleSystems":false},"in2DMode":false,"pivot":{"x":-0.00003259629011154175,"y":-0.05412353575229645,"z":0.00650864839553833},"rotation":{"x":-0.19333913922309876,"y":0.7959650754928589,"z":-0.3260784447193146,"w":-0.4719453752040863},"size":0.7020067572593689,"orthographic":false}